id,document,page,kind,importance,review_status,reviewer,reviewed_at,correction_notes
cvs_2025q2.p6.quarter_results,cvs_2025q2,6,table,critical,draft,,,
cvs_2025q2.p1.title,cvs_2025q2,1,text,supporting,draft,,,
cvs_2025q2.p6.dividend,cvs_2025q2,6,text,supporting,draft,,,
cvs_2025q2.p12.prescription_note,cvs_2025q2,12,footnote,supporting,draft,,,
cvs_2025q2.p6.order_title_table,cvs_2025q2,6,reading_order,supporting,draft,,,
cvs_2025q2.p12.order_notes,cvs_2025q2,12,reading_order,supporting,draft,,,
cvs_2025q2.p1.metadata_issuer,cvs_2025q2,1,metadata,supporting,draft,,,
cvs_2025q2.p1.metadata_reporting_period,cvs_2025q2,1,metadata,supporting,draft,,,
cvs_2025q2.p1.metadata_document_type,cvs_2025q2,1,metadata,supporting,draft,,,
edf_2024.p3.segment_statement,edf_2024,3,table,critical,draft,,,
edf_2024.p6.reconciliation,edf_2024,6,table,critical,draft,,,
edf_2024.p3.sign_note,edf_2024,3,footnote,supporting,draft,,,
edf_2024.p6.reconciliation_intro,edf_2024,6,text,supporting,draft,,,
edf_2024.p6.order_table_notes,edf_2024,6,reading_order,supporting,draft,,,
edf_2024.p1.metadata_issuer,edf_2024,1,metadata,supporting,draft,,,
edf_2024.p1.metadata_reporting_period,edf_2024,1,metadata,supporting,draft,,,
edf_2024.p1.metadata_document_type,edf_2024,1,metadata,supporting,draft,,,
hippodrome_2025.p20.income_statement,hippodrome_2025,20,table,critical,draft,,,
hippodrome_2025.p21.financial_position,hippodrome_2025,21,table,critical,draft,,,
hippodrome_2025.p20.statement_title,hippodrome_2025,20,text,supporting,draft,,,
hippodrome_2025.p20.income_row_order,hippodrome_2025,20,reading_order,supporting,draft,,,
hippodrome_2025.p1.metadata_issuer,hippodrome_2025,1,metadata,supporting,draft,,,
hippodrome_2025.p1.metadata_reporting_period,hippodrome_2025,1,metadata,supporting,draft,,,
hippodrome_2025.p1.metadata_document_type,hippodrome_2025,1,metadata,supporting,draft,,,
peterborough_2025.p2.balance_sheet,peterborough_2025,2,table,critical,draft,,,
peterborough_2025.p3.audit_exemption,peterborough_2025,3,text,supporting,draft,,,
peterborough_2025.p3.income_omission,peterborough_2025,3,text,supporting,draft,,,
peterborough_2025.p3.notes_reference,peterborough_2025,3,footnote,supporting,draft,,,
peterborough_2025.p3.audit_before_approval,peterborough_2025,3,reading_order,supporting,draft,,,
peterborough_2025.p1.metadata_issuer,peterborough_2025,1,metadata,supporting,draft,,,
peterborough_2025.p1.metadata_reporting_period,peterborough_2025,1,metadata,supporting,draft,,,
peterborough_2025.p1.metadata_document_type,peterborough_2025,1,metadata,supporting,draft,,,
rolls_royce_2026h1_presentation.p9.underlying_results,rolls_royce_2026h1_presentation,9,table,critical,draft,,,
rolls_royce_2026h1_presentation.p9.cash_results,rolls_royce_2026h1_presentation,9,table,critical,draft,,,
rolls_royce_2026h1_presentation.p5.card_operating_profit,rolls_royce_2026h1_presentation,5,visual_fact,critical,draft,,,
rolls_royce_2026h1_presentation.p5.card_operating_margin,rolls_royce_2026h1_presentation,5,visual_fact,critical,draft,,,
rolls_royce_2026h1_presentation.p5.card_free_cash_flow,rolls_royce_2026h1_presentation,5,visual_fact,critical,draft,,,
rolls_royce_2026h1_presentation.p5.card_civil_aerospace,rolls_royce_2026h1_presentation,5,visual_fact,critical,draft,,,
rolls_royce_2026h1_presentation.p5.card_defence,rolls_royce_2026h1_presentation,5,visual_fact,critical,draft,,,
rolls_royce_2026h1_presentation.p5.underlying_note,rolls_royce_2026h1_presentation,5,footnote,supporting,draft,,,
rolls_royce_2026h1_presentation.p1.cover_title,rolls_royce_2026h1_presentation,1,text,supporting,draft,,,
rolls_royce_2026h1_presentation.p9.table_row_order,rolls_royce_2026h1_presentation,9,reading_order,supporting,draft,,,
rolls_royce_2026h1_presentation.p1.metadata_issuer,rolls_royce_2026h1_presentation,1,metadata,supporting,draft,,,
rolls_royce_2026h1_presentation.p1.metadata_reporting_period,rolls_royce_2026h1_presentation,1,metadata,supporting,draft,,,
rolls_royce_2026h1_presentation.p1.metadata_document_type,rolls_royce_2026h1_presentation,1,metadata,supporting,draft,,,
rolls_royce_2026h1_release.p1.group_results,rolls_royce_2026h1_release,1,table,critical,draft,,,
rolls_royce_2026h1_release.p13.income_statement,rolls_royce_2026h1_release,13,table,critical,draft,,,
rolls_royce_2026h1_release.p17.cash_reconciliation,rolls_royce_2026h1_release,17,table,critical,draft,,,
rolls_royce_2026h1_release.p13.financing_note,rolls_royce_2026h1_release,13,footnote,supporting,draft,,,
rolls_royce_2026h1_release.p17.continuation_heading,rolls_royce_2026h1_release,17,text,supporting,draft,,,
rolls_royce_2026h1_release.p13.income_row_order,rolls_royce_2026h1_release,13,reading_order,supporting,draft,,,
rolls_royce_2026h1_release.p1.metadata_issuer,rolls_royce_2026h1_release,1,metadata,supporting,draft,,,
rolls_royce_2026h1_release.p1.metadata_reporting_period,rolls_royce_2026h1_release,1,metadata,supporting,draft,,,
rolls_royce_2026h1_release.p1.metadata_document_type,rolls_royce_2026h1_release,1,metadata,supporting,draft,,,
